{
  "(False, False, True)": {
    "short_hype": -0.034390000000000004,
    "strong_hype": -0.019000000000000003,
    "silent": 0.0
  },
  "(False, False, False)": {
    "short_hype": 0.0,
    "strong_hype": 0.0,
    "silent": 0.0
  }
}